資產:::,資產,1,指因過去事項所產生之資源，該資源由商業控制，並預期帶來經濟效益之流入。,,,TWD,CURRENCY,F,F,T
資產:流動資產::,流動資產,11-12,指商業預期於其正常營業週期中實現、意圖出售或消耗之資產、主要為交易目的而持有之資產、預期於資產負債表日後十二個月內實現之資產、現金或約當現金，但不包括於資產負債表日後逾十二個月用以交換、清償負債或受有其他限制者。,,,TWD,CURRENCY,F,F,T
資產:流動資產:現金及約當現金:,現金及約當現金,111,指庫存現金、活期存款及可隨時轉換成定額現金且價值變動風險甚小之短期並具高度流動性之定期存款或投資。,,,TWD,CURRENCY,F,F,T
資產:流動資產:現金及約當現金:庫存現金,庫存現金,1111,,,,TWD,CURRENCY,F,F,F
資產:流動資產:現金及約當現金:零用金／週轉金,零用金／週轉金,1112,,,,TWD,CURRENCY,F,F,F
資產:流動資產:現金及約當現金:銀行存款,銀行存款,1113,,,,TWD,CURRENCY,F,F,F
資產:流動資產:現金及約當現金:在途現金,在途現金,1114,,,,TWD,CURRENCY,F,F,F
資產:流動資產:現金及約當現金:約當現金,約當現金,1115,,,,TWD,CURRENCY,F,F,F
資產:流動資產:透過損益按公允價值衡量之金融資產—流動:,透過損益按公允價值衡量之金融資產—流動,112,包括指定為透過損益按公允價值衡量之金融資產—流動、強制透過損益按公允價值衡量之金融資產—流動、透過其他綜合損益按公允價值衡量之權益工具投資—流動、透過其他綜合損益按公允價值衡量之債務工具投資—流動、按攤銷後成本衡量之金融資產—流動、以成本衡量之金融資產—流動及避險之金融資產—流動。,,,TWD,CURRENCY,F,F,T
資產:流動資產:透過損益按公允價值衡量之金融資產—流動:指定為透過損益按公允價值衡量之金融資產—流動,指定為透過損益按公允價值衡量之金融資產—流動,1121,,,,TWD,CURRENCY,F,F,F
資產:流動資產:透過損益按公允價值衡量之金融資產—流動:指定為透過損益按公允價值衡量之金融資產評價調整—流動,指定為透過損益按公允價值衡量之金融資產評價調整—流動,1122,,,,TWD,CURRENCY,F,F,F
資產:流動資產:透過損益按公允價值衡量之金融資產—流動:強制透過損益按公允價值衡量之金融資產—流動,強制透過損益按公允價值衡量之金融資產—流動,1123,,,,TWD,CURRENCY,F,F,F
資產:流動資產:透過損益按公允價值衡量之金融資產—流動:強制透過損益按公允價值衡量之金融資產評價調整—流動,強制透過損益按公允價值衡量之金融資產評價調整—流動,1124,,,,TWD,CURRENCY,F,F,F
資產:流動資產:透過其他綜合損益按公允價值衡量之金融資產—流動:,透過其他綜合損益按公允價值衡量之金融資產—流動,113,,,,TWD,CURRENCY,F,F,T
資產:流動資產:透過其他綜合損益按公允價值衡量之金融資產—流動:透過其他綜合損益按公允價值衡量之權益工具投資—流動,透過其他綜合損益按公允價值衡量之權益工具投資—流動,1131,,,,TWD,CURRENCY,F,F,F
資產:流動資產:透過其他綜合損益按公允價值衡量之金融資產—流動:透過其他綜合損益按公允價值衡量之權益工具投資評價調整—流動,透過其他綜合損益按公允價值衡量之權益工具投資評價調整—流動,1132,,,,TWD,CURRENCY,F,F,F
資產:流動資產:透過其他綜合損益按公允價值衡量之金融資產—流動:透過其他綜合損益按公允價值衡量之債務工具投資—流動,透過其他綜合損益按公允價值衡量之債務工具投資—流動,1133,,,,TWD,CURRENCY,F,F,F
資產:流動資產:透過其他綜合損益按公允價值衡量之金融資產—流動:透過其他綜合損益按公允價值衡量之債務工具投資評價調整—流動,透過其他綜合損益按公允價值衡量之債務工具投資評價調整—流動,1134,,,,TWD,CURRENCY,F,F,F
資產:流動資產:以成本衡量之金融資產—流動:,以成本衡量之金融資產—流動,114,,,,TWD,CURRENCY,F,F,T
資產:流動資產:以成本衡量之金融資產—流動:以成本衡量之金融資產—流動,以成本衡量之金融資產—流動,1141,,,,TWD,CURRENCY,F,F,F
資產:流動資產:以成本衡量之金融資產—流動:累計減損—以成本衡量之金融資產—流動,累計減損—以成本衡量之金融資產—流動,1142,,,,TWD,CURRENCY,F,F,F
資產:流動資產:按攤銷後成本衡量之金融資產—流動:,按攤銷後成本衡量之金融資產—流動,115,,,,TWD,CURRENCY,F,F,T
資產:流動資產:按攤銷後成本衡量之金融資產—流動:按攤銷後成本衡量之金融資產—流動,按攤銷後成本衡量之金融資產—流動,1151,,,,TWD,CURRENCY,F,F,F
資產:流動資產:按攤銷後成本衡量之金融資產—流動:備抵損失—按攤銷後成本衡量之金融資產—流動,備抵損失—按攤銷後成本衡量之金融資產—流動,1152,,,,TWD,CURRENCY,F,F,F
資產:流動資產:避險之金融資產—流動:,避險之金融資產—流動,117,,,,TWD,CURRENCY,F,F,T
資產:流動資產:避險之金融資產—流動:避險之金融資產—流動,避險之金融資產—流動,1171,,,,TWD,CURRENCY,F,F,F
資產:流動資產:避險之金融資產—流動:避險之金融資產評價調整—流動,避險之金融資產評價調整—流動,1172,,,,TWD,CURRENCY,F,F,F
資產:流動資產:應收票據淨額:,應收票據淨額,118,指商業應收之各種票據。,,,TWD,CURRENCY,F,F,T
資產:流動資產:應收票據淨額:應收票據,應收票據,1181,,,,TWD,CURRENCY,F,F,F
資產:流動資產:應收票據淨額:應收票據貼現,應收票據貼現,1182,,,,TWD,CURRENCY,F,F,F
資產:流動資產:應收票據淨額:應收票據—關係人,應收票據—關係人,1183,,,,TWD,CURRENCY,F,F,F
資產:流動資產:應收票據淨額:其他應收票據,其他應收票據,1184,,,,TWD,CURRENCY,F,F,F
資產:流動資產:應收票據淨額:備抵損失—應收票據,備抵損失—應收票據,1185,,,,TWD,CURRENCY,F,F,F
資產:流動資產:應收票據淨額:應收票據貼現—關係人,應收票據貼現—關係人,1186,,,,TWD,CURRENCY,F,F,F
資產:流動資產:應收票據淨額:其他應收票據—關係人,其他應收票據—關係人,1187,,,,TWD,CURRENCY,F,F,F
資產:流動資產:應收票據淨額:備抵損失—應收關係人票據,備抵損失—應收關係人票據,1188,,,,TWD,CURRENCY,F,F,F
資產:流動資產:應收帳款淨額:,應收帳款淨額,119,指商業因出售商品或勞務等而發生之債權。,,,TWD,CURRENCY,F,F,T
資產:流動資產:應收帳款淨額:應收帳款,應收帳款,1191,,,,TWD,CURRENCY,F,F,F
資產:流動資產:應收帳款淨額:備抵銷售退回及折讓,備抵銷售退回及折讓,1192,,,,TWD,CURRENCY,F,F,F
資產:流動資產:應收帳款淨額:應收分期帳款,應收分期帳款,1193,,,,TWD,CURRENCY,F,F,F
資產:流動資產:應收帳款淨額:未實現利息收入,未實現利息收入,1194,,,,TWD,CURRENCY,F,F,F
資產:流動資產:應收帳款淨額:應收租賃款,應收租賃款,1195,,,,TWD,CURRENCY,F,F,F
資產:流動資產:應收帳款淨額:未賺得融資收益,未賺得融資收益,1196,,,,TWD,CURRENCY,F,F,F
資產:流動資產:應收帳款淨額:應收帳款—關係人,應收帳款—關係人,1197,,,,TWD,CURRENCY,F,F,F
資產:流動資產:應收帳款淨額:備抵損失—應收租賃款,備抵損失—應收租賃款,1198,,,,TWD,CURRENCY,F,F,F
資產:流動資產:應收帳款淨額:備抵損失—應收帳款及分期帳款,備抵損失—應收帳款及分期帳款,1199,,,,TWD,CURRENCY,F,F,F
資產:流動資產:應收帳款淨額:應收分期帳款—關係人,應收分期帳款—關係人,119A,,,,TWD,CURRENCY,F,F,F
資產:流動資產:應收帳款淨額:未實現利息收入—關係人,未實現利息收入—關係人,119B,,,,TWD,CURRENCY,F,F,F
資產:流動資產:應收帳款淨額:應收租賃款—關係人,應收租賃款—關係人,119C,,,,TWD,CURRENCY,F,F,F
資產:流動資產:應收帳款淨額:未賺得融資收益—關係人,未賺得融資收益—關係人,119D,,,,TWD,CURRENCY,F,F,F
資產:流動資產:應收帳款淨額:備抵損失—應收關係人款項及分期帳款,備抵損失—應收關係人款項及分期帳款,119E,,,,TWD,CURRENCY,F,F,F
資產:流動資產:應收帳款淨額:備抵損失—應收關係人租賃款,備抵損失—應收關係人租賃款,119F,,,,TWD,CURRENCY,F,F,F
資產:流動資產:應收建造合約款:,應收建造合約款,120,,,,TWD,CURRENCY,F,F,T
資產:流動資產:應收建造合約款:應收建造合約款,應收建造合約款,1201,,,,TWD,CURRENCY,F,F,F
資產:流動資產:應收建造合約款:應收建造合約款—關係人,應收建造合約款—關係人,1202,,,,TWD,CURRENCY,F,F,F
資產:流動資產:其他應收款:,其他應收款,121,指不屬於應收票據、應收帳款及應收建造合約款之應收款項。,,,TWD,CURRENCY,F,F,T
資產:流動資產:其他應收款:應收收益,應收收益,1211,,,,TWD,CURRENCY,F,F,F
資產:流動資產:其他應收款:其他應收款—關係人,其他應收款—關係人,1212,,,,TWD,CURRENCY,F,F,F
資產:流動資產:其他應收款:其他應收款—其他,其他應收款—其他,1213,,,,TWD,CURRENCY,F,F,F
資產:流動資產:其他應收款:備抵損失—其他應收款,備抵損失—其他應收款,1214,,,,TWD,CURRENCY,F,F,F
資產:流動資產:其他應收款:備抵損失—其他應收關係人款,備抵損失—其他應收關係人款,1215,,,,TWD,CURRENCY,F,F,F
資產:流動資產:本期所得稅資產:,本期所得稅資產,122,指已支付所得稅金額超過本期及前期應付金額之部分。,,,TWD,CURRENCY,F,F,T
資產:流動資產:本期所得稅資產:應收所得稅退稅款,應收所得稅退稅款,1221,,,,TWD,CURRENCY,F,F,F
資產:流動資產:本期所得稅資產:預付所得稅,預付所得稅,1222,,,,TWD,CURRENCY,F,F,F
資產:流動資產:存貨:,存貨,123-124,指持有供正常營業過程出售者；或正在製造過程中以供正常營業過程出售者；或將於製造過程或勞務提供過程中消耗之原料或物料。,,,TWD,CURRENCY,F,F,T
資產:流動資產:存貨:商品存貨,商品存貨,1231,,,,TWD,CURRENCY,F,F,F
資產:流動資產:存貨:寄銷品,寄銷品,1232,,,,TWD,CURRENCY,F,F,F
資產:流動資產:存貨:在途商品,在途商品,1233,,,,TWD,CURRENCY,F,F,F
資產:流動資產:存貨:備抵存貨跌價(買賣業),備抵存貨跌價(買賣業),1234,,,,TWD,CURRENCY,F,F,F
資產:流動資產:存貨:製成品,製成品,1235,,,,TWD,CURRENCY,F,F,F
資產:流動資產:存貨:副產品,副產品,1236,,,,TWD,CURRENCY,F,F,F
資產:流動資產:存貨:在製品,在製品,1237,,,,TWD,CURRENCY,F,F,F
資產:流動資產:存貨:委外加工,委外加工,1238,,,,TWD,CURRENCY,F,F,F
資產:流動資產:存貨:原料,原料,1239,,,,TWD,CURRENCY,F,F,F
資產:流動資產:存貨:物料,物料,1240,,,,TWD,CURRENCY,F,F,F
資產:流動資產:存貨:在途原物料,在途原物料,1241,,,,TWD,CURRENCY,F,F,F
資產:流動資產:存貨:備抵存貨跌價(製造業),備抵存貨跌價(製造業),1242,,,,TWD,CURRENCY,F,F,F
資產:流動資產:存貨:農業產品,農業產品,1243,,,,TWD,CURRENCY,F,F,F
資產:流動資產:存貨:在建工程,在建工程,1244,,,,TWD,CURRENCY,F,F,F
資產:流動資產:生物資產—流動:,生物資產—流動,125,指與農業活動有關且具有生命之動物或植物。在生產性植物上生長中之農產品亦屬之。,,,TWD,CURRENCY,F,F,T
資產:流動資產:生物資產—流動:生產性生物資產—流動,生產性生物資產—流動,1251,,,,TWD,CURRENCY,F,F,F
資產:流動資產:生物資產—流動:累計折舊—生產性生物資產—流動,累計折舊—生產性生物資產—流動,1252,,,,TWD,CURRENCY,F,F,F
資產:流動資產:生物資產—流動:累計減損—生產性生物資產—流動,累計減損—生產性生物資產—流動,1253,,,,TWD,CURRENCY,F,F,F
資產:流動資產:生物資產—流動:生產性生物資產公允價值減出售成本累計變動數—流動,生產性生物資產公允價值減出售成本累計變動數—流動,1254,,,,TWD,CURRENCY,F,F,F
資產:流動資產:生物資產—流動:消耗性生物資產—流動,消耗性生物資產—流動,1255,,,,TWD,CURRENCY,F,F,F
資產:流動資產:生物資產—流動:累計折舊—消耗性生物資產—流動,累計折舊—消耗性生物資產—流動,1256,,,,TWD,CURRENCY,F,F,F
資產:流動資產:生物資產—流動:累計減損—消耗性生物資產—流動,累計減損—消耗性生物資產—流動,1257,,,,TWD,CURRENCY,F,F,F
資產:流動資產:生物資產—流動:消耗性生物資產公允價值減出售成本累計變動數—流動,消耗性生物資產公允價值減出售成本累計變動數—流動,1258,,,,TWD,CURRENCY,F,F,F
資產:流動資產:預付款項:,預付款項,126-127,指預為支付之各項成本或費用，包括預付費用及預付購料款等。,,,TWD,CURRENCY,F,F,T
資產:流動資產:預付款項:預付薪資,預付薪資,1261,,,,TWD,CURRENCY,F,F,F
資產:流動資產:預付款項:預付租金,預付租金,1262,,,,TWD,CURRENCY,F,F,F
資產:流動資產:預付款項:預付保險費,預付保險費,1263,,,,TWD,CURRENCY,F,F,F
資產:流動資產:預付款項:用品盤存,用品盤存,1264,,,,TWD,CURRENCY,F,F,F
資產:流動資產:預付款項:其他預付費用,其他預付費用,1265,,,,TWD,CURRENCY,F,F,F
資產:流動資產:預付款項:預付貨款,預付貨款,1266,,,,TWD,CURRENCY,F,F,F
資產:流動資產:預付款項:預付投資款,預付投資款,1267,,,,TWD,CURRENCY,F,F,F
資產:流動資產:預付款項:進項稅額,進項稅額,1268,,,,TWD,CURRENCY,F,F,F
資產:流動資產:預付款項:留抵稅額,留抵稅額,1269,,,,TWD,CURRENCY,F,F,F
資產:流動資產:預付款項:其他預付款項,其他預付款項,1270,,,,TWD,CURRENCY,F,F,F
資產:流動資產:其他流動資產:,其他流動資產,128,指不能歸屬於前述各類之流動資產。,,,TWD,CURRENCY,F,F,T
資產:流動資產:其他流動資產:暫付款,暫付款,1281,,,,TWD,CURRENCY,F,F,F
資產:流動資產:其他流動資產:代付款,代付款,1282,,,,TWD,CURRENCY,F,F,F
資產:流動資產:其他流動資產:員工借支,員工借支,1283,,,,TWD,CURRENCY,F,F,F
資產:流動資產:其他流動資產:存出保證金,存出保證金,1284,,,,TWD,CURRENCY,F,F,F
資產:非流動資產::,非流動資產,13-15,指不能歸屬於流動資產之各類資產。,,,TWD,CURRENCY,F,F,T
資產:非流動資產:透過損益按公允價值衡量之金融資產—非流動:,透過損益按公允價值衡量之金融資產—非流動,131,包括指定為透過損益按公允價值衡量之金融資產—非流動、強制透過損益按公允價值衡量之金融資產—非流動、透過其他綜合損益按公允價值衡量之權益工具投資—非流動、透過其他綜合損益按公允價值衡量之債務工具投資—非流動、以成本衡量之金融資產—非流動、避險之金融資產—非流動及採用權益法之投資。,,,TWD,CURRENCY,F,F,T
資產:非流動資產:透過損益按公允價值衡量之金融資產—非流動:指定為透過損益按公允價值衡量之金融資產—非流動,指定為透過損益按公允價值衡量之金融資產—非流動,1311,,,,TWD,CURRENCY,F,F,F
資產:非流動資產:透過損益按公允價值衡量之金融資產—非流動:指定為透過損益按公允價值衡量之金融資產評價調整—非流動,指定為透過損益按公允價值衡量之金融資產評價調整—非流動,1312,,,,TWD,CURRENCY,F,F,F
資產:非流動資產:透過損益按公允價值衡量之金融資產—非流動:強制透過損益按公允價值衡量之金融資產—非流動,強制透過損益按公允價值衡量之金融資產—非流動,1313,,,,TWD,CURRENCY,F,F,F
資產:非流動資產:透過損益按公允價值衡量之金融資產—非流動:強制透過損益按公允價值衡量之金融資產評價調整—非流動,強制透過損益按公允價值衡量之金融資產評價調整—非流動,1314,,,,TWD,CURRENCY,F,F,F
資產:非流動資產:透過其他綜合損益按公允價值衡量之金融資產—非流動:,透過其他綜合損益按公允價值衡量之金融資產—非流動,132,,,,TWD,CURRENCY,F,F,T
資產:非流動資產:透過其他綜合損益按公允價值衡量之金融資產—非流動:透過其他綜合損益按公允價值衡量之權益工具投資—非流動,透過其他綜合損益按公允價值衡量之權益工具投資—非流動,1321,,,,TWD,CURRENCY,F,F,F
資產:非流動資產:透過其他綜合損益按公允價值衡量之金融資產—非流動:透過其他綜合損益按公允價值衡量之權益工具投資評價調整—非流動,透過其他綜合損益按公允價值衡量之權益工具投資評價調整—非流動,1322,,,,TWD,CURRENCY,F,F,F
資產:非流動資產:透過其他綜合損益按公允價值衡量之金融資產—非流動:透過其他綜合損益按公允價值衡量之債務工具投資—非流動,透過其他綜合損益按公允價值衡量之債務工具投資—非流動,1323,,,,TWD,CURRENCY,F,F,F
資產:非流動資產:透過其他綜合損益按公允價值衡量之金融資產—非流動:透過其他綜合損益按公允價值衡量之債務工具投資評價調整—非流動,透過其他綜合損益按公允價值衡量之債務工具投資評價調整—非流動,1324,,,,TWD,CURRENCY,F,F,F
資產:非流動資產:以成本衡量之金融資產—非流動:,以成本衡量之金融資產—非流動,133,,,,TWD,CURRENCY,F,F,T
資產:非流動資產:以成本衡量之金融資產—非流動:以成本衡量之金融資產—非流動,以成本衡量之金融資產—非流動,1331,,,,TWD,CURRENCY,F,F,F
資產:非流動資產:以成本衡量之金融資產—非流動:累計減損—以成本衡量之金融資產—非流動,累計減損—以成本衡量之金融資產—非流動,1332,,,,TWD,CURRENCY,F,F,F
資產:非流動資產:按攤銷後成本衡量之金融資產—非流動:,按攤銷後成本衡量之金融資產—非流動,134,,,,TWD,CURRENCY,F,F,T
資產:非流動資產:按攤銷後成本衡量之金融資產—非流動:按攤銷後成本衡量之金融資產—非流動,按攤銷後成本衡量之金融資產—非流動,1341,,,,TWD,CURRENCY,F,F,F
資產:非流動資產:按攤銷後成本衡量之金融資產—非流動:備抵損失—按攤銷後成本衡量之金融資產—非流動,備抵損失—按攤銷後成本衡量之金融資產—非流動,1342,,,,TWD,CURRENCY,F,F,F
資產:非流動資產:避險之金融資產—非流動:,避險之金融資產—非流動,136,,,,TWD,CURRENCY,F,F,T
資產:非流動資產:避險之金融資產—非流動:避險之金融資產—非流動,避險之金融資產—非流動,1361,,,,TWD,CURRENCY,F,F,F
資產:非流動資產:避險之金融資產—非流動:避險之金融資產評價調整—非流動,避險之金融資產評價調整—非流動,1362,,,,TWD,CURRENCY,F,F,F
資產:非流動資產:採用權益法之投資:,採用權益法之投資,137,指持有具重大影響力或控制能力之權益工具投資。,,,TWD,CURRENCY,F,F,T
資產:非流動資產:採用權益法之投資:採用權益法之投資,採用權益法之投資,1371,,,,TWD,CURRENCY,F,F,F
資產:非流動資產:採用權益法之投資:累計減損—採用權益法之投資,累計減損—採用權益法之投資,1372,,,,TWD,CURRENCY,F,F,F
資產:非流動資產:投資性不動產:,投資性不動產,138,指為賺取租金或資本增值或兩者兼具，而由所有者或融資租賃之承租人所持有之不動產。,,,TWD,CURRENCY,F,F,T
資產:非流動資產:投資性不動產:投資性不動產—土地—成本,投資性不動產—土地—成本,1381,,,,TWD,CURRENCY,F,F,F
資產:非流動資產:投資性不動產:投資性不動產—土地—累計公允價值變動數,投資性不動產—土地—累計公允價值變動數,1382,,,,TWD,CURRENCY,F,F,F
資產:非流動資產:投資性不動產:累計減損—投資性不動產—土地,累計減損—投資性不動產—土地,1383,,,,TWD,CURRENCY,F,F,F
資產:非流動資產:投資性不動產:投資性不動產—建築物—成本,投資性不動產—建築物—成本,1384,,,,TWD,CURRENCY,F,F,F
資產:非流動資產:投資性不動產:投資性不動產—建築物—重估增值,投資性不動產—建築物—重估增值,1385,,,,TWD,CURRENCY,F,F,F
資產:非流動資產:投資性不動產:投資性不動產—建築物—累計公允價值變動數,投資性不動產—建築物—累計公允價值變動數,1386,,,,TWD,CURRENCY,F,F,F
資產:非流動資產:投資性不動產:累計折舊—投資性不動產—建築物,累計折舊—投資性不動產—建築物,1387,,,,TWD,CURRENCY,F,F,F
資產:非流動資產:投資性不動產:累計減損—投資性不動產—建築物,累計減損—投資性不動產—建築物,1388,,,,TWD,CURRENCY,F,F,F
資產:非流動資產:不動產、廠房及設備:,不動產、廠房及設備,139-146,指用於商品、農業產品或勞務之生產或提供、出租予他人或供管理目的而持有，且預期使用期間超過一年之有形資產，包括土地、建築物、機器設備、運輸設備及辦公設備等會計項目。,,,TWD,CURRENCY,F,F,T
資產:非流動資產:不動產、廠房及設備:土地—成本,土地—成本,1391,,,,TWD,CURRENCY,F,F,F
資產:非流動資產:不動產、廠房及設備:土地—重估增值,土地—重估增值,1392,,,,TWD,CURRENCY,F,F,F
資產:非流動資產:不動產、廠房及設備:累計減損—土地,累計減損—土地,1393,,,,TWD,CURRENCY,F,F,F
資產:非流動資產:不動產、廠房及設備:土地改良物—成本,土地改良物—成本,1401,,,,TWD,CURRENCY,F,F,F
資產:非流動資產:不動產、廠房及設備:土地改良物—重估增值,土地改良物—重估增值,1402,,,,TWD,CURRENCY,F,F,F
資產:非流動資產:不動產、廠房及設備:累計折舊—土地改良物,累計折舊—土地改良物,1403,,,,TWD,CURRENCY,F,F,F
資產:非流動資產:不動產、廠房及設備:累計減損—土地改良物,累計減損—土地改良物,1404,,,,TWD,CURRENCY,F,F,F
資產:非流動資產:不動產、廠房及設備:房屋及建築—成本,房屋及建築—成本,1411,,,,TWD,CURRENCY,F,F,F
資產:非流動資產:不動產、廠房及設備:房屋及建築—重估增值,房屋及建築—重估增值,1412,,,,TWD,CURRENCY,F,F,F
資產:非流動資產:不動產、廠房及設備:累計折舊—房屋及建築,累計折舊—房屋及建築,1413,,,,TWD,CURRENCY,F,F,F
資產:非流動資產:不動產、廠房及設備:累計減損—房屋及建築,累計減損—房屋及建築,1414,,,,TWD,CURRENCY,F,F,F
資產:非流動資產:不動產、廠房及設備:機器設備—成本,機器設備—成本,1421,,,,TWD,CURRENCY,F,F,F
資產:非流動資產:不動產、廠房及設備:累計折舊—機器設備,累計折舊—機器設備,1422,,,,TWD,CURRENCY,F,F,F
資產:非流動資產:不動產、廠房及設備:累計減損—機器設備,累計減損—機器設備,1423,,,,TWD,CURRENCY,F,F,F
資產:非流動資產:不動產、廠房及設備:辦公設備—成本,辦公設備—成本,1431,,,,TWD,CURRENCY,F,F,F
資產:非流動資產:不動產、廠房及設備:累計折舊—辦公設備,累計折舊—辦公設備,1432,,,,TWD,CURRENCY,F,F,F
資產:非流動資產:不動產、廠房及設備:累計減損—辦公設備,累計減損—辦公設備,1433,,,,TWD,CURRENCY,F,F,F
資產:非流動資產:不動產、廠房及設備:租賃資產—成本,租賃資產—成本,1441,,,,TWD,CURRENCY,F,F,F
資產:非流動資產:不動產、廠房及設備:累計折舊—租賃資產,累計折舊—租賃資產,1442,,,,TWD,CURRENCY,F,F,F
資產:非流動資產:不動產、廠房及設備:累計減損—租賃資產,累計減損—租賃資產,1443,,,,TWD,CURRENCY,F,F,F
資產:非流動資產:不動產、廠房及設備:出租設備—成本,出租設備—成本,1451,,,,TWD,CURRENCY,F,F,F
資產:非流動資產:不動產、廠房及設備:累計折舊—出租設備,累計折舊—出租設備,1452,,,,TWD,CURRENCY,F,F,F
資產:非流動資產:不動產、廠房及設備:累計減損—出租設備,累計減損—出租設備,1453,,,,TWD,CURRENCY,F,F,F
資產:非流動資產:不動產、廠房及設備:租賃權益改良—成本,租賃權益改良—成本,1461,,,,TWD,CURRENCY,F,F,F
資產:非流動資產:不動產、廠房及設備:累計折舊—租賃權益改良,累計折舊—租賃權益改良,1462,,,,TWD,CURRENCY,F,F,F
資產:非流動資產:不動產、廠房及設備:累計減損—租賃權益改良,累計減損—租賃權益改良,1463,,,,TWD,CURRENCY,F,F,F
資產:非流動資產:不動產、廠房及設備:未完工程及待驗設備,未完工程及待驗設備,1464,,,,TWD,CURRENCY,F,F,F
資產:非流動資產:不動產、廠房及設備:生產性植物—成本,生產性植物—成本,1466,,,,TWD,CURRENCY,F,F,F
資產:非流動資產:不動產、廠房及設備:累計折舊—生產性植物,累計折舊—生產性植物,1467,,,,TWD,CURRENCY,F,F,F
資產:非流動資產:不動產、廠房及設備:累計減損—生產性植物,累計減損—生產性植物,1468,,,,TWD,CURRENCY,F,F,F
資產:非流動資產:礦產資源淨額:,礦產資源淨額,147,指蘊藏量將隨開採或其他使用方法而耗竭之天然礦產。,,,TWD,CURRENCY,F,F,T
資產:非流動資產:礦產資源淨額:礦產資源—成本,礦產資源—成本,1471,,,,TWD,CURRENCY,F,F,F
資產:非流動資產:礦產資源淨額:礦產資源—重估增值,礦產資源—重估增值,1472,,,,TWD,CURRENCY,F,F,F
資產:非流動資產:礦產資源淨額:累計折耗—礦產資源,累計折耗—礦產資源,1473,,,,TWD,CURRENCY,F,F,F
資產:非流動資產:礦產資源淨額:累計減損—礦產資源,累計減損—礦產資源,1474,,,,TWD,CURRENCY,F,F,F
資產:非流動資產:生物資產—非流動:,生物資產—非流動,148,生物資產，指與農業活動有關且具生命之動物或植物。生物資產應依流動性區分為流動與非流動，並以公允價值減出售成本衡量。但取得公允價值需耗費過當之成本或努力者，得以其成本減累計折舊及累計減損後之帳面金額列示。,,,TWD,CURRENCY,F,F,T
資產:非流動資產:生物資產—非流動:生產性生物資產—非流動,生產性生物資產—非流動,1481,,,,TWD,CURRENCY,F,F,F
資產:非流動資產:生物資產—非流動:累計折舊—生產性生物資產—非流動,累計折舊—生產性生物資產—非流動,1482,,,,TWD,CURRENCY,F,F,F
資產:非流動資產:生物資產—非流動:累計減損—生產性生物資產—非流動,累計減損—生產性生物資產—非流動,1483,,,,TWD,CURRENCY,F,F,F
資產:非流動資產:生物資產—非流動:生產性生物資產公允價值減出售成本累計變動數—非流動,生產性生物資產公允價值減出售成本累計變動數—非流動,1484,,,,TWD,CURRENCY,F,F,F
資產:非流動資產:生物資產—非流動:消耗性生物資產—非流動,消耗性生物資產—非流動,1485,,,,TWD,CURRENCY,F,F,F
資產:非流動資產:生物資產—非流動:累計折舊—消耗性生物資產—非流動,累計折舊—消耗性生物資產—非流動,1486,,,,TWD,CURRENCY,F,F,F
資產:非流動資產:生物資產—非流動:累計減損—消耗性生物資產—非流動,累計減損—消耗性生物資產—非流動,1487,,,,TWD,CURRENCY,F,F,F
資產:非流動資產:生物資產—非流動:消耗性生物資產公允價值減出售成本累計變動數—非流動,消耗性生物資產公允價值減出售成本累計變動數—非流動,1488,,,,TWD,CURRENCY,F,F,F
資產:非流動資產:無形資產:,無形資產,149-155,指無實體形式之可辨認非貨幣性資產及商譽。,,,TWD,CURRENCY,F,F,T
資產:非流動資產:無形資產:商標權—成本,商標權—成本,1491,,,,TWD,CURRENCY,F,F,F
資產:非流動資產:無形資產:商標權—重估增值,商標權—重估增值,1492,,,,TWD,CURRENCY,F,F,F
資產:非流動資產:無形資產:累計攤銷—商標權,累計攤銷—商標權,1493,,,,TWD,CURRENCY,F,F,F
資產:非流動資產:無形資產:累計減損—商標權,累計減損—商標權,1494,,,,TWD,CURRENCY,F,F,F
資產:非流動資產:無形資產:專利權—成本,專利權—成本,1501,,,,TWD,CURRENCY,F,F,F
資產:非流動資產:無形資產:專利權—重估增值,專利權—重估增值,1502,,,,TWD,CURRENCY,F,F,F
資產:非流動資產:無形資產:累計攤銷—專利權,累計攤銷—專利權,1503,,,,TWD,CURRENCY,F,F,F
資產:非流動資產:無形資產:累計減損—專利權,累計減損—專利權,1504,,,,TWD,CURRENCY,F,F,F
資產:非流動資產:無形資產:特許權—成本,特許權—成本,1511,,,,TWD,CURRENCY,F,F,F
資產:非流動資產:無形資產:特許權—重估增值,特許權—重估增值,1512,,,,TWD,CURRENCY,F,F,F
資產:非流動資產:無形資產:累計攤銷—特許權,累計攤銷—特許權,1513,,,,TWD,CURRENCY,F,F,F
資產:非流動資產:無形資產:累計減損—特許權,累計減損—特許權,1514,,,,TWD,CURRENCY,F,F,F
資產:非流動資產:無形資產:著作權—成本,著作權—成本,1521,,,,TWD,CURRENCY,F,F,F
資產:非流動資產:無形資產:著作權—重估增值,著作權—重估增值,1522,,,,TWD,CURRENCY,F,F,F
資產:非流動資產:無形資產:累計攤銷—著作權,累計攤銷—著作權,1523,,,,TWD,CURRENCY,F,F,F
資產:非流動資產:無形資產:累計減損—著作權,累計減損—著作權,1524,,,,TWD,CURRENCY,F,F,F
資產:非流動資產:無形資產:電腦軟體—成本,電腦軟體—成本,1531,,,,TWD,CURRENCY,F,F,F
資產:非流動資產:無形資產:電腦軟體—重估增值,電腦軟體—重估增值,1532,,,,TWD,CURRENCY,F,F,F
資產:非流動資產:無形資產:累計攤銷—電腦軟體,累計攤銷—電腦軟體,1533,,,,TWD,CURRENCY,F,F,F
資產:非流動資產:無形資產:累計減損—電腦軟體,累計減損—電腦軟體,1534,,,,TWD,CURRENCY,F,F,F
資產:非流動資產:無形資產:商譽—成本,商譽—成本,1541,指自企業合併取得之不可辨認及未單獨認列未來經濟效益之無形資產。,,,TWD,CURRENCY,F,F,F
資產:非流動資產:無形資產:累計攤銷—商譽,累計攤銷—商譽,1542,,,,TWD,CURRENCY,F,F,F
資產:非流動資產:無形資產:累計減損—商譽,累計減損—商譽,1543,,,,TWD,CURRENCY,F,F,F
資產:非流動資產:無形資產:其他無形資產,其他無形資產,1551,,,,TWD,CURRENCY,F,F,F
資產:非流動資產:無形資產:累計攤銷—其他無形資產,累計攤銷—其他無形資產,1552,,,,TWD,CURRENCY,F,F,F
資產:非流動資產:無形資產:累計減損—其他無形資產,累計減損—其他無形資產,1553,,,,TWD,CURRENCY,F,F,F
資產:非流動資產:遞延所得稅資產:,遞延所得稅資產,156,指與可減除暫時性差異、未使用課稅損失遞轉後期及未使用所得稅抵減遞轉後期有關之未來期間可回收所得稅金額。,,,TWD,CURRENCY,F,F,T
資產:非流動資產:遞延所得稅資產:遞延所得稅資產,遞延所得稅資產,1561,,,,TWD,CURRENCY,F,F,F
資產:非流動資產:其他非流動資產:,其他非流動資產,157-158,指不能歸屬於前述各類之非流動資產。,,,TWD,CURRENCY,F,F,T
資產:非流動資產:其他非流動資產:長期應收票據,長期應收票據,1571,,,,TWD,CURRENCY,F,F,F
資產:非流動資產:其他非流動資產:長期應收款,長期應收款,1572,,,,TWD,CURRENCY,F,F,F
資產:非流動資產:其他非流動資產:催收款項,催收款項,1573,,,,TWD,CURRENCY,F,F,F
資產:非流動資產:其他非流動資產:備抵損失—長期應收票據及款項,備抵損失—長期應收票據及款項,1574,,,,TWD,CURRENCY,F,F,F
資產:非流動資產:其他非流動資產:備抵損失—催收款項,備抵損失—催收款項,1575,,,,TWD,CURRENCY,F,F,F
資產:非流動資產:其他非流動資產:長期應收票據及款項—關係人,長期應收票據及款項—關係人,1576,,,,TWD,CURRENCY,F,F,F
資產:非流動資產:其他非流動資產:催收款項—關係人,催收款項—關係人,1577,,,,TWD,CURRENCY,F,F,F
資產:非流動資產:其他非流動資產:長期預付租金,長期預付租金,1578,,,,TWD,CURRENCY,F,F,F
資產:非流動資產:其他非流動資產:長期預付保險費,長期預付保險費,1579,,,,TWD,CURRENCY,F,F,F
資產:非流動資產:其他非流動資產:預付投資款,預付投資款,1580,,,,TWD,CURRENCY,F,F,F
資產:非流動資產:其他非流動資產:預付退休金,預付退休金,1581,,,,TWD,CURRENCY,F,F,F
資產:非流動資產:其他非流動資產:預付設備款,預付設備款,1582,,,,TWD,CURRENCY,F,F,F
資產:非流動資產:其他非流動資產:存出保證金,存出保證金,1583,,,,TWD,CURRENCY,F,F,F
資產:非流動資產:其他非流動資產:業主(股東)往來,業主(股東)往來,1584,,,,TWD,CURRENCY,F,F,F
資產:非流動資產:其他非流動資產:同業往來,同業往來,1585,,,,TWD,CURRENCY,F,F,F
資產:非流動資產:其他非流動資產:其他非流動資產—其他,其他非流動資產—其他,1586,,,,TWD,CURRENCY,F,F,F
資產:非流動資產:其他非流動資產:人壽保險現金解約價值,人壽保險現金解約價值,1587,,,,TWD,CURRENCY,F,F,F
資產:非流動資產:其他非流動資產:備抵損失—長期應收關係人票據及款項,備抵損失—長期應收關係人票據及款項,1588,,,,TWD,CURRENCY,F,F,F
資產:非流動資產:其他非流動資產:備抵損失—催收關係人款項,備抵損失—催收關係人款項,1589,,,,TWD,CURRENCY,F,F,F
負債:::,負債,2,指因過去事項所產生之現時義務，預期該義務之清償，將導致經濟效益之資源流出。,,,TWD,CURRENCY,F,F,T
負債:流動負債::,流動負債,21-22,指商業預期於其正常營業週期中清償之負債；主要為交易目的而持有之負債；預期於資產負債表日後十二個月內到期清償之負債，即使該負債於資產負債表日後至通過財務報表前已完成長期性之再融資或重新安排付款協議；商業不能無條件將清償期限遞延至資產負債表日後至少十二個月之負債。,,,TWD,CURRENCY,F,F,T
負債:流動負債:短期借款:,短期借款,211,指向金融機構或他人借入或透支之款項。,,,TWD,CURRENCY,F,F,T
負債:流動負債:短期借款:銀行透支,銀行透支,2111,,,,TWD,CURRENCY,F,F,F
負債:流動負債:短期借款:銀行借款,銀行借款,2112,,,,TWD,CURRENCY,F,F,F
負債:流動負債:短期借款:短期借款—業主,短期借款—業主,2113,,,,TWD,CURRENCY,F,F,F
負債:流動負債:短期借款:短期借款—員工,短期借款—員工,2114,,,,TWD,CURRENCY,F,F,F
負債:流動負債:短期借款:短期借款—關係人,短期借款—關係人,2115,,,,TWD,CURRENCY,F,F,F
負債:流動負債:短期借款:短期借款—其他,短期借款—其他,2116,,,,TWD,CURRENCY,F,F,F
負債:流動負債:應付短期票券:,應付短期票券,212,指為自貨幣市場獲取資金，而委託金融機構發行之短期票券，包括應付商業本票及銀行承兌匯票等。,,,TWD,CURRENCY,F,F,T
負債:流動負債:應付短期票券:應付商業本票,應付商業本票,2121,,,,TWD,CURRENCY,F,F,F
負債:流動負債:應付短期票券:銀行承兌匯票,銀行承兌匯票,2122,,,,TWD,CURRENCY,F,F,F
負債:流動負債:應付短期票券:其他應付短期票券,其他應付短期票券,2123,,,,TWD,CURRENCY,F,F,F
負債:流動負債:應付短期票券:應付短期票券折價,應付短期票券折價,2124,,,,TWD,CURRENCY,F,F,F
負債:流動負債:透過損益按公允價值衡量之金融負債—流動:,透過損益按公允價值衡量之金融負債—流動,213,指持有供交易或原始認列時被指定為透過損益按公允價值衡量之金融負債。,,,TWD,CURRENCY,F,F,T
負債:流動負債:透過損益按公允價值衡量之金融負債—流動:指定為透過損益按公允價值衡量之金融負債—流動,指定為透過損益按公允價值衡量之金融負債—流動,2131,,,,TWD,CURRENCY,F,F,F
負債:流動負債:透過損益按公允價值衡量之金融負債—流動:指定為透過損益按公允價值衡量之金融負債評價調整—流動,指定為透過損益按公允價值衡量之金融負債評價調整—流動,2132,,,,TWD,CURRENCY,F,F,F
負債:流動負債:透過損益按公允價值衡量之金融負債—流動:持有供交易之金融負債—流動,持有供交易之金融負債—流動,2133,,,,TWD,CURRENCY,F,F,F
負債:流動負債:透過損益按公允價值衡量之金融負債—流動:持有供交易之金融負債評價調整—流動,持有供交易之金融負債評價調整—流動,2134,,,,TWD,CURRENCY,F,F,F
負債:流動負債:避險之金融負債—流動:,避險之金融負債—流動,214,指依避險會計指定且為有效避險工具之金融負債。,,,TWD,CURRENCY,F,F,T
負債:流動負債:避險之金融負債—流動:避險之金融負債—流動,避險之金融負債—流動,2141,,,,TWD,CURRENCY,F,F,F
負債:流動負債:避險之金融負債—流動:避險之金融負債評價調整—流動,避險之金融負債評價調整—流動,2142,,,,TWD,CURRENCY,F,F,F
負債:流動負債:以成本衡量之金融負債—流動:,以成本衡量之金融負債—流動,215,指與無活絡市場公開報價之權益工具連結，並以交付該等權益工具交割之衍生工具，其公允價值無法可靠衡量之金融負債。,,,TWD,CURRENCY,F,F,T
負債:流動負債:以成本衡量之金融負債—流動:以成本衡量之金融負債—流動,以成本衡量之金融負債—流動,2151,,,,TWD,CURRENCY,F,F,F
負債:流動負債:應付票據:,應付票據,216,指商業應付之各種票據。,,,TWD,CURRENCY,F,F,T
負債:流動負債:應付票據:應付票據,應付票據,2161,,,,TWD,CURRENCY,F,F,F
負債:流動負債:應付票據:應付票據—關係人,應付票據—關係人,2162,,,,TWD,CURRENCY,F,F,F
負債:流動負債:應付票據:其他應付票據,其他應付票據,2163,,,,TWD,CURRENCY,F,F,F
負債:流動負債:應付帳款:,應付帳款,217,指因?購原物料、商品或勞務所發生之債務。,,,TWD,CURRENCY,F,F,T
負債:流動負債:應付帳款:應付帳款,應付帳款,2171,,,,TWD,CURRENCY,F,F,F
負債:流動負債:應付帳款:應付租賃款—流動,應付租賃款—流動,2172,,,,TWD,CURRENCY,F,F,F
負債:流動負債:應付帳款:應付帳款—關係人,應付帳款—關係人,2173,,,,TWD,CURRENCY,F,F,F
負債:流動負債:應付建造合約款:,應付建造合約款,218,,,,TWD,CURRENCY,F,F,T
負債:流動負債:其他應付款:,其他應付款,219-220,指不屬於應付票據、應付帳款及應付建造合約款之應付款項，如應付薪資、應付稅捐、應付股息紅利等。,,,TWD,CURRENCY,F,F,T
負債:流動負債:其他應付款:應付薪資,應付薪資,2191,,,,TWD,CURRENCY,F,F,F
負債:流動負債:其他應付款:應付租金,應付租金,2192,,,,TWD,CURRENCY,F,F,F
負債:流動負債:其他應付款:應付利息,應付利息,2193,,,,TWD,CURRENCY,F,F,F
負債:流動負債:其他應付款:應付營業稅,應付營業稅,2194,,,,TWD,CURRENCY,F,F,F
負債:流動負債:其他應付款:應付稅捐—其他,應付稅捐—其他,2195,,,,TWD,CURRENCY,F,F,F
負債:流動負債:其他應付款:應付退休金費用,應付退休金費用,2196,,,,TWD,CURRENCY,F,F,F
負債:流動負債:其他應付款:其他應付費用,其他應付費用,2197,,,,TWD,CURRENCY,F,F,F
負債:流動負債:其他應付款:應付土地房屋款,應付土地房屋款,2198,,,,TWD,CURRENCY,F,F,F
負債:流動負債:其他應付款:應付設備款,應付設備款,2199,,,,TWD,CURRENCY,F,F,F
負債:流動負債:其他應付款:其他應付款—關係人,其他應付款—關係人,2200,,,,TWD,CURRENCY,F,F,F
負債:流動負債:其他應付款:應付股利,應付股利,2201,,,,TWD,CURRENCY,F,F,F
負債:流動負債:其他應付款:應付員工酬勞,應付員工酬勞,2202,,,,TWD,CURRENCY,F,F,F
負債:流動負債:其他應付款:應付董監事酬勞,應付董監事酬勞,2203,,,,TWD,CURRENCY,F,F,F
負債:流動負債:其他應付款:銷項稅額,銷項稅額,2204,,,,TWD,CURRENCY,F,F,F
負債:流動負債:其他應付款:其他應付款—股份基礎給付,其他應付款—股份基礎給付,2205,,,,TWD,CURRENCY,F,F,F
負債:流動負債:其他應付款:其他應付款—其他,其他應付款—其他,2206,,,,TWD,CURRENCY,F,F,F
負債:流動負債:本期所得稅負債:,本期所得稅負債,221,指尚未支付之本期及前期所得稅。,,,TWD,CURRENCY,F,F,T
負債:流動負債:本期所得稅負債:本期所得稅負債,本期所得稅負債,2211,,,,TWD,CURRENCY,F,F,F
負債:流動負債:預收款項:,預收款項,222,指預為收納之各種款項。,,,TWD,CURRENCY,F,F,T
負債:流動負債:預收款項:預收貨款,預收貨款,2221,,,,TWD,CURRENCY,F,F,F
負債:流動負債:預收款項:預收收入,預收收入,2222,,,,TWD,CURRENCY,F,F,F
負債:流動負債:預收款項:其他預收款,其他預收款,2223,,,,TWD,CURRENCY,F,F,F
負債:流動負債:一年內到期長期負債:,一年內到期長期負債,223,,,,TWD,CURRENCY,F,F,T
負債:流動負債:一年內到期長期負債:一年內到期應付公司債,一年內到期應付公司債,2231,,,,TWD,CURRENCY,F,F,F
負債:流動負債:一年內到期長期負債:一年內到期長期借款,一年內到期長期借款,2232,,,,TWD,CURRENCY,F,F,F
負債:流動負債:一年內到期長期負債:一年內到期長期應付票據及款項,一年內到期長期應付票據及款項,2233,,,,TWD,CURRENCY,F,F,F
負債:流動負債:一年內到期長期負債:一年內到期長期應付票據及款項—關係人,一年內到期長期應付票據及款項—關係人,2234,,,,TWD,CURRENCY,F,F,F
負債:流動負債:一年內到期長期負債:一年內到期其他長期負債,一年內到期其他長期負債,2235,,,,TWD,CURRENCY,F,F,F
負債:流動負債:負債準備—流動:,負債準備—流動,224,指不確定時點或金額之流動負債。,,,TWD,CURRENCY,F,F,T
負債:流動負債:負債準備—流動:保固之短期負債準備,保固之短期負債準備,2241,,,,TWD,CURRENCY,F,F,F
負債:流動負債:負債準備—流動:虧損性合約之短期負債準備,虧損性合約之短期負債準備,2242,,,,TWD,CURRENCY,F,F,F
負債:流動負債:負債準備—流動:除役、復原及修復成本之短期負債準備,除役、復原及修復成本之短期負債準備,2243,,,,TWD,CURRENCY,F,F,F
負債:流動負債:負債準備—流動:保證合約之短期負債準備,保證合約之短期負債準備,2244,,,,TWD,CURRENCY,F,F,F
負債:流動負債:負債準備—流動:銷貨退回及折讓之短期負債準備,銷貨退回及折讓之短期負債準備,2245,,,,TWD,CURRENCY,F,F,F
負債:流動負債:負債準備—流動:其他短期負債準備,其他短期負債準備,2246,,,,TWD,CURRENCY,F,F,F
負債:流動負債:其他流動負債:,其他流動負債,225,指不能歸屬於前述各類之流動負債。,,,TWD,CURRENCY,F,F,T
負債:流動負債:其他流動負債:暫收款,暫收款,2251,,,,TWD,CURRENCY,F,F,F
負債:流動負債:其他流動負債:代收款,代收款,2252,,,,TWD,CURRENCY,F,F,F
負債:非流動負債::,非流動負債,23,指不能歸屬於流動負債之各類負債。,,,TWD,CURRENCY,F,F,T
負債:非流動負債:透過損益按公允價值衡量之金融負債—非流動:,透過損益按公允價值衡量之金融負債—非流動,231,,,,TWD,CURRENCY,F,F,T
負債:非流動負債:透過損益按公允價值衡量之金融負債—非流動:指定為透過損益按公允價值衡量之金融負債—非流動,指定為透過損益按公允價值衡量之金融負債—非流動,2311,,,,TWD,CURRENCY,F,F,F
負債:非流動負債:透過損益按公允價值衡量之金融負債—非流動:指定為透過損益按公允價值衡量之金融負債評價調整—非流動,指定為透過損益按公允價值衡量之金融負債評價調整—非流動,2312,,,,TWD,CURRENCY,F,F,F
負債:非流動負債:透過損益按公允價值衡量之金融負債—非流動:持有供交易之金融負債—非流動,持有供交易之金融負債—非流動,2313,,,,TWD,CURRENCY,F,F,F
負債:非流動負債:透過損益按公允價值衡量之金融負債—非流動:持有供交易之金融負債評價調整—非流動,持有供交易之金融負債評價調整—非流動,2314,,,,TWD,CURRENCY,F,F,F
負債:非流動負債:避險之金融負債—非流動:,避險之金融負債—非流動,232,,,,TWD,CURRENCY,F,F,T
負債:非流動負債:避險之金融負債—非流動:避險之金融負債—非流動,避險之金融負債—非流動,2321,,,,TWD,CURRENCY,F,F,F
負債:非流動負債:避險之金融負債—非流動:避險之金融負債評價調整—非流動,避險之金融負債評價調整—非流動,2322,,,,TWD,CURRENCY,F,F,F
負債:非流動負債:以成本衡量之金融負債—非流動:,以成本衡量之金融負債—非流動,233,,,,TWD,CURRENCY,F,F,T
負債:非流動負債:以成本衡量之金融負債—非流動:以成本衡量之金融負債—非流動,以成本衡量之金融負債—非流動,2331,,,,TWD,CURRENCY,F,F,F
負債:非流動負債:應付公司債:,應付公司債,234,指商業發行之債券。,,,TWD,CURRENCY,F,F,T
負債:非流動負債:應付公司債:應付公司債,應付公司債,2341,,,,TWD,CURRENCY,F,F,F
負債:非流動負債:應付公司債:應付公司債溢(折)價,應付公司債溢(折)價,2342,,,,TWD,CURRENCY,F,F,F
負債:非流動負債:長期借款:,長期借款,235,指到期日在一年以上之借款。,,,TWD,CURRENCY,F,F,T
負債:非流動負債:長期借款:長期銀行借款,長期銀行借款,2351,,,,TWD,CURRENCY,F,F,F
負債:非流動負債:長期借款:長期借款—業主,長期借款—業主,2352,,,,TWD,CURRENCY,F,F,F
負債:非流動負債:長期借款:長期借款—員工,長期借款—員工,2353,,,,TWD,CURRENCY,F,F,F
負債:非流動負債:長期借款:長期借款—關係人,長期借款—關係人,2354,,,,TWD,CURRENCY,F,F,F
負債:非流動負債:長期借款:長期借款—其他,長期借款—其他,2355,,,,TWD,CURRENCY,F,F,F
負債:非流動負債:長期應付票據及款項:,長期應付票據及款項,236,指付款期間在一年以上之應付票據、應付帳款。,,,TWD,CURRENCY,F,F,T
負債:非流動負債:長期應付票據及款項:長期應付票據,長期應付票據,2361,,,,TWD,CURRENCY,F,F,F
負債:非流動負債:長期應付票據及款項:長期應付帳款,長期應付帳款,2362,,,,TWD,CURRENCY,F,F,F
負債:非流動負債:長期應付票據及款項:應付租賃款—非流動,應付租賃款—非流動,2363,,,,TWD,CURRENCY,F,F,F
負債:非流動負債:長期應付票據及款項:長期應付票據及款項—關係人,長期應付票據及款項—關係人,2364,,,,TWD,CURRENCY,F,F,F
負債:非流動負債:長期應付票據及款項:其他長期應付款項,其他長期應付款項,2365,,,,TWD,CURRENCY,F,F,F
負債:非流動負債:負債準備—非流動:,負債準備—非流動,237,指不確定時點或金額之非流動負債。,,,TWD,CURRENCY,F,F,T
負債:非流動負債:負債準備—非流動:虧損性合約之長期負債準備,虧損性合約之長期負債準備,2371,,,,TWD,CURRENCY,F,F,F
負債:非流動負債:負債準備—非流動:除役、復原及修復成本之長期負債準備,除役、復原及修復成本之長期負債準備,2372,,,,TWD,CURRENCY,F,F,F
負債:非流動負債:負債準備—非流動:保證合約之長期負債準備,保證合約之長期負債準備,2373,,,,TWD,CURRENCY,F,F,F
負債:非流動負債:負債準備—非流動:保固之長期負債準備,保固之長期負債準備,2374,,,,TWD,CURRENCY,F,F,F
負債:非流動負債:遞延所得稅負債:,遞延所得稅負債,238,指與應課稅暫時性差異有關之未來期間應付所得稅。,,,TWD,CURRENCY,F,F,T
負債:非流動負債:遞延所得稅負債:遞延所得稅負債—土地增值稅,遞延所得稅負債—土地增值稅,2381,,,,TWD,CURRENCY,F,F,F
負債:非流動負債:遞延所得稅負債:遞延所得稅負債—所得稅,遞延所得稅負債—所得稅,2382,,,,TWD,CURRENCY,F,F,F
負債:非流動負債:其他非流動負債:,其他非流動負債,239,指不能歸屬於前述各類之其他非流動負債。,,,TWD,CURRENCY,F,F,T
負債:非流動負債:其他非流動負債:遞延收入,遞延收入,2391,,,,TWD,CURRENCY,F,F,F
負債:非流動負債:其他非流動負債:存入保證金,存入保證金,2392,,,,TWD,CURRENCY,F,F,F
負債:非流動負債:其他非流動負債:業主(股東)往來,業主(股東)往來,2393,,,,TWD,CURRENCY,F,F,F
負債:非流動負債:其他非流動負債:同業往來,同業往來,2394,,,,TWD,CURRENCY,F,F,F
負債:非流動負債:其他非流動負債:其他非流動負債—股份基礎給付,其他非流動負債—股份基礎給付,2395,,,,TWD,CURRENCY,F,F,F
權益:::,權益,3,指資產減去負債之剩餘權利。,,,TWD,CURRENCY,F,F,T
權益:資本(或股本)::,資本(或股本),31,指業主對商業投入之資本額，並向主管機關登記者，但不包括符合負債性質之特別股。,,,TWD,CURRENCY,F,F,T
權益:資本(或股本):資本(或股本):,資本(或股本),311,,,,TWD,CURRENCY,F,F,T
權益:資本(或股本):資本(或股本):普通股股本,普通股股本,3111,,,,TWD,CURRENCY,F,F,F
權益:資本(或股本):資本(或股本):特別股股本,特別股股本,3112,,,,TWD,CURRENCY,F,F,F
權益:資本(或股本):資本(或股本):預收股本,預收股本,3113,,,,TWD,CURRENCY,F,F,F
權益:資本(或股本):資本(或股本):待分配股票股利,待分配股票股利,3114,,,,TWD,CURRENCY,F,F,F
權益:資本公積::,資本公積,32,指公司因股本交易所產生之權益。,,,TWD,CURRENCY,F,F,T
權益:資本公積:資本公積:,資本公積,321,,,,TWD,CURRENCY,F,F,T
權益:資本公積:資本公積:資本公積—普通股股票溢價,資本公積—普通股股票溢價,3211,,,,TWD,CURRENCY,F,F,F
權益:資本公積:資本公積:資本公積—特別股股票溢價,資本公積—特別股股票溢價,3212,,,,TWD,CURRENCY,F,F,F
權益:資本公積:資本公積:資本公積—庫藏股票交易,資本公積—庫藏股票交易,3213,,,,TWD,CURRENCY,F,F,F
權益:資本公積:資本公積:資本公積—股份基礎給付,資本公積—股份基礎給付,3214,,,,TWD,CURRENCY,F,F,F
權益:資本公積:資本公積:資本公積—受贈資產,資本公積—受贈資產,3215,,,,TWD,CURRENCY,F,F,F
權益:資本公積:資本公積:資本公積—採用權益法認列關聯企業及合資股權淨值變動數,資本公積—採用權益法認列關聯企業及合資股權淨值變動數,3216,,,,TWD,CURRENCY,F,F,F
權益:資本公積:資本公積:資本公積—實際取得或處分子公司股權價格與帳面價值差額,資本公積—實際取得或處分子公司股權價格與帳面價值差額,3217,,,,TWD,CURRENCY,F,F,F
權益:資本公積:資本公積:資本公積—認列對子公司所有權權益變動數,資本公積—認列對子公司所有權權益變動數,3218,,,,TWD,CURRENCY,F,F,F
權益:資本公積:資本公積:資本公積—認股權,資本公積—認股權,3219,,,,TWD,CURRENCY,F,F,F
權益:資本公積:資本公積:資本公積—其他,資本公積—其他,3220,,,,TWD,CURRENCY,F,F,F
權益:保留盈餘(或累積虧損)::,保留盈餘(或累積虧損),33,指由營業結果所產生之權益。,,,TWD,CURRENCY,F,F,T
權益:保留盈餘(或累積虧損):法定盈餘公積:,法定盈餘公積,331,指依公司法或其他相關法律規定，自盈餘中指撥之公積。,,,TWD,CURRENCY,F,F,T
權益:保留盈餘(或累積虧損):法定盈餘公積:法定盈餘公積,法定盈餘公積,3311,,,,TWD,CURRENCY,F,F,F
權益:保留盈餘(或累積虧損):特別盈餘公積:,特別盈餘公積,332,指依法令或盈餘分派之議案，自盈餘中指撥之公積，以限制股息及紅利之分派者。,,,TWD,CURRENCY,F,F,T
權益:保留盈餘(或累積虧損):特別盈餘公積:特別盈餘公積,特別盈餘公積,3321,,,,TWD,CURRENCY,F,F,F
權益:保留盈餘(或累積虧損):未分配盈餘(或待彌補虧損):,未分配盈餘(或待彌補虧損),335,指未經指撥之盈餘(或未經彌補之虧損)。,,,TWD,CURRENCY,F,F,T
權益:保留盈餘(或累積虧損):未分配盈餘(或待彌補虧損):累積盈虧,累積盈虧,3351,,,,TWD,CURRENCY,F,F,F
權益:保留盈餘(或累積虧損):未分配盈餘(或待彌補虧損):追溯適用及追溯重編之影響數,追溯適用及追溯重編之影響數,3352,,,,TWD,CURRENCY,F,F,F
權益:保留盈餘(或累積虧損):未分配盈餘(或待彌補虧損):本期損益,本期損益,3353,,,,TWD,CURRENCY,F,F,F
權益:其他權益::,其他權益,34,指其他造成權益增加或減少之項目，包括透過其他綜合損益按公允價值衡量之金融資產未實現損益、避險工具之損益、國外營運機構財務報表換算之兌換差額及未實現重估增值等。,,,TWD,CURRENCY,F,F,T
權益:其他權益:其他權益:,其他權益,341,,,,TWD,CURRENCY,F,F,T
權益:其他權益:其他權益:透過其他綜合損益按公允價值衡量之金融資產未實現損益,透過其他綜合損益按公允價值衡量之金融資產未實現損益,3411,,,,TWD,CURRENCY,F,F,F
權益:其他權益:其他權益:避險工具之損益,避險工具之損益,3412,,,,TWD,CURRENCY,F,F,F
權益:其他權益:其他權益:國外營運機構財務報表換算之兌換差額,國外營運機構財務報表換算之兌換差額,3413,,,,TWD,CURRENCY,F,F,F
權益:其他權益:其他權益:未實現重估增值,未實現重估增值,3414,,,,TWD,CURRENCY,F,F,F
權益:其他權益:其他權益:其他權益—其他,其他權益—其他,3415,,,,TWD,CURRENCY,F,F,F
權益:庫藏股票::,庫藏股票,35,指公司收回已發行股票，尚未再出售或註銷者。,,,TWD,CURRENCY,F,F,T
權益:庫藏股票:庫藏股票:,庫藏股票,351,,,,TWD,CURRENCY,F,F,T
權益:庫藏股票:庫藏股票:庫藏股票,庫藏股票,3511,,,,TWD,CURRENCY,F,F,F
營業收入:::,營業收入,4,指本期內因銷售商品或提供勞務等所獲得之收入。,,,TWD,CURRENCY,F,F,T
營業收入:營業收入::,營業收入,41,,,,TWD,CURRENCY,F,F,T
營業收入:營業收入:銷貨收入:,銷貨收入,411,,,,TWD,CURRENCY,F,F,T
營業收入:營業收入:銷貨收入:銷貨收入,銷貨收入,4111,,,,TWD,CURRENCY,F,F,F
營業收入:營業收入:銷貨收入:分期付款銷貨收入,分期付款銷貨收入,4112,,,,TWD,CURRENCY,F,F,F
營業收入:營業收入:銷貨收入:銷貨退回,銷貨退回,4113,,,,TWD,CURRENCY,F,F,F
營業收入:營業收入:銷貨收入:銷貨折讓,銷貨折讓,4114,,,,TWD,CURRENCY,F,F,F
營業收入:營業收入:勞務收入:,勞務收入,412,,,,TWD,CURRENCY,F,F,T
營業收入:營業收入:勞務收入:勞務收入,勞務收入,4121,,,,TWD,CURRENCY,F,F,F
營業收入:營業收入:工程收入:,工程收入,413-423,,,,TWD,CURRENCY,F,F,T
營業收入:營業收入:工程收入:工程收入,工程收入,4131,,,,TWD,CURRENCY,F,F,F
營業收入:營業收入:工程收入:工程收入退回及折讓,工程收入退回及折讓,4232,,,,TWD,CURRENCY,F,F,F
營業收入:營業收入:其他營業收入:,其他營業收入,414,,,,TWD,CURRENCY,F,F,T
營業收入:營業收入:其他營業收入:其他營業收入,其他營業收入,4141,,,,TWD,CURRENCY,F,F,F
營業成本:::,營業成本,5,指本期內因銷售商品或提供勞務等而應負擔之成本。,,,TWD,CURRENCY,F,F,T
營業成本:銷貨成本::,銷貨成本,51,,,,TWD,CURRENCY,F,F,T
營業成本:銷貨成本:銷貨成本:,銷貨成本,511,,,,TWD,CURRENCY,F,F,T
營業成本:銷貨成本:銷貨成本:銷貨成本,銷貨成本,5111,,,,TWD,CURRENCY,F,F,F
營業成本:銷貨成本:銷貨成本:分期付款銷貨成本,分期付款銷貨成本,5112,,,,TWD,CURRENCY,F,F,F
營業成本:銷貨成本:進貨:,進貨,512,,,,TWD,CURRENCY,F,F,T
營業成本:銷貨成本:進貨:進貨,進貨,5121,,,,TWD,CURRENCY,F,F,F
營業成本:銷貨成本:進貨:進貨費用,進貨費用,5122,,,,TWD,CURRENCY,F,F,F
營業成本:銷貨成本:進貨:進貨退出,進貨退出,5123,,,,TWD,CURRENCY,F,F,F
營業成本:銷貨成本:進貨:進貨折讓,進貨折讓,5124,,,,TWD,CURRENCY,F,F,F
營業成本:銷貨成本:進料:,進料,513,,,,TWD,CURRENCY,F,F,T
營業成本:銷貨成本:進料:進料,進料,5131,,,,TWD,CURRENCY,F,F,F
營業成本:銷貨成本:進料:進料費用,進料費用,5132,,,,TWD,CURRENCY,F,F,F
營業成本:銷貨成本:進料:進料退出,進料退出,5133,,,,TWD,CURRENCY,F,F,F
營業成本:銷貨成本:進料:進料折讓,進料折讓,5134,,,,TWD,CURRENCY,F,F,F
營業成本:銷貨成本:直接人工:,直接人工,514,,,,TWD,CURRENCY,F,F,T
營業成本:銷貨成本:直接人工:直接人工,直接人工,5141,,,,TWD,CURRENCY,F,F,F
營業成本:銷貨成本:製造費用:,製造費用,515-516,,,,TWD,CURRENCY,F,F,T
營業成本:銷貨成本:製造費用:間接人工,間接人工,5151,,,,TWD,CURRENCY,F,F,F
營業成本:銷貨成本:製造費用:租金支出,租金支出,5152,,,,TWD,CURRENCY,F,F,F
營業成本:銷貨成本:製造費用:文具用品,文具用品,5153,,,,TWD,CURRENCY,F,F,F
營業成本:銷貨成本:製造費用:旅費,旅費,5154,,,,TWD,CURRENCY,F,F,F
營業成本:銷貨成本:製造費用:運費,運費,5155,,,,TWD,CURRENCY,F,F,F
營業成本:銷貨成本:製造費用:郵電費,郵電費,5156,,,,TWD,CURRENCY,F,F,F
營業成本:銷貨成本:製造費用:修繕費,修繕費,5157,,,,TWD,CURRENCY,F,F,F
營業成本:銷貨成本:製造費用:包裝費,包裝費,5158,,,,TWD,CURRENCY,F,F,F
營業成本:銷貨成本:製造費用:水電瓦斯費,水電瓦斯費,5159,,,,TWD,CURRENCY,F,F,F
營業成本:銷貨成本:製造費用:保險費,保險費,5160,,,,TWD,CURRENCY,F,F,F
營業成本:銷貨成本:製造費用:加工費,加工費,5161,,,,TWD,CURRENCY,F,F,F
營業成本:銷貨成本:製造費用:稅捐,稅捐,5162,,,,TWD,CURRENCY,F,F,F
營業成本:銷貨成本:製造費用:折舊,折舊,5163,,,,TWD,CURRENCY,F,F,F
營業成本:銷貨成本:製造費用:各項耗竭及攤提,各項耗竭及攤提,5164,,,,TWD,CURRENCY,F,F,F
營業成本:銷貨成本:製造費用:伙食費,伙食費,5165,,,,TWD,CURRENCY,F,F,F
營業成本:銷貨成本:製造費用:職工福利,職工福利,5166,,,,TWD,CURRENCY,F,F,F
營業成本:銷貨成本:製造費用:訓練費,訓練費,5167,,,,TWD,CURRENCY,F,F,F
營業成本:銷貨成本:製造費用:間接材料,間接材料,5168,,,,TWD,CURRENCY,F,F,F
營業成本:銷貨成本:製造費用:其他製造費用,其他製造費用,5169,,,,TWD,CURRENCY,F,F,F
營業成本:銷貨成本:勞務成本:,勞務成本,561,,,,TWD,CURRENCY,F,F,T
營業成本:銷貨成本:勞務成本:勞務成本,勞務成本,5611,,,,TWD,CURRENCY,F,F,F
營業成本:銷貨成本:工程成本:,工程成本,581,,,,TWD,CURRENCY,F,F,T
營業成本:銷貨成本:工程成本:工程成本,工程成本,5811,,,,TWD,CURRENCY,F,F,F
營業成本:銷貨成本:其他營業成本:,其他營業成本,591,,,,TWD,CURRENCY,F,F,T
營業成本:銷貨成本:其他營業成本:其他營業成本,其他營業成本,5911,,,,TWD,CURRENCY,F,F,F
營業費用:::,營業費用,6,指本期內因銷售商品或提供勞務應負擔之費用（採費用功能法者，應依費用之功能分類為推銷費用、管理費用及研發費用等）。,,,TWD,CURRENCY,F,F,T
營業費用:營業費用::,營業費用,61,,,,TWD,CURRENCY,F,F,T
營業費用:營業費用:營業費用:,營業費用,611-613,,,,TWD,CURRENCY,F,F,T
營業費用:營業費用:營業費用:薪資支出,薪資支出,6111,,,,TWD,CURRENCY,F,F,F
營業費用:營業費用:營業費用:租金支出,租金支出,6112,,,,TWD,CURRENCY,F,F,F
營業費用:營業費用:營業費用:文具用品,文具用品,6113,,,,TWD,CURRENCY,F,F,F
營業費用:營業費用:營業費用:旅費,旅費,6114,,,,TWD,CURRENCY,F,F,F
營業費用:營業費用:營業費用:運費,運費,6115,,,,TWD,CURRENCY,F,F,F
營業費用:營業費用:營業費用:郵電費,郵電費,6116,,,,TWD,CURRENCY,F,F,F
營業費用:營業費用:營業費用:修繕費,修繕費,6117,,,,TWD,CURRENCY,F,F,F
營業費用:營業費用:營業費用:廣告費,廣告費,6118,,,,TWD,CURRENCY,F,F,F
營業費用:營業費用:營業費用:水電瓦斯費,水電瓦斯費,6119,,,,TWD,CURRENCY,F,F,F
營業費用:營業費用:營業費用:保險費,保險費,6120,,,,TWD,CURRENCY,F,F,F
營業費用:營業費用:營業費用:交際費,交際費,6121,,,,TWD,CURRENCY,F,F,F
營業費用:營業費用:營業費用:捐贈,捐贈,6122,,,,TWD,CURRENCY,F,F,F
營業費用:營業費用:營業費用:稅捐,稅捐,6123,,,,TWD,CURRENCY,F,F,F
營業費用:營業費用:營業費用:呆帳損失,呆帳損失,6124,,,,TWD,CURRENCY,F,F,F
營業費用:營業費用:營業費用:折舊,折舊,6125,,,,TWD,CURRENCY,F,F,F
營業費用:營業費用:營業費用:各項耗竭及攤提,各項耗竭及攤提,6126,,,,TWD,CURRENCY,F,F,F
營業費用:營業費用:營業費用:外銷損失,外銷損失,6127,,,,TWD,CURRENCY,F,F,F
營業費用:營業費用:營業費用:伙食費,伙食費,6128,,,,TWD,CURRENCY,F,F,F
營業費用:營業費用:營業費用:職工福利,職工福利,6129,,,,TWD,CURRENCY,F,F,F
營業費用:營業費用:營業費用:研究發展費用,研究發展費用,6130,,,,TWD,CURRENCY,F,F,F
營業費用:營業費用:營業費用:佣金支出,佣金支出,6131,,,,TWD,CURRENCY,F,F,F
營業費用:營業費用:營業費用:訓練費,訓練費,6132,,,,TWD,CURRENCY,F,F,F
營業費用:營業費用:營業費用:勞務費,勞務費,6133,,,,TWD,CURRENCY,F,F,F
營業費用:營業費用:營業費用:其他營業費用,其他營業費用,6134,,,,TWD,CURRENCY,F,F,F
營業外收益及費損:::,營業外收益及費損,7,指本期內非因經常營業活動所發生之收益及費損。,,,TWD,CURRENCY,F,F,T
營業外收益及費損:營業外收益及費損::,營業外收益及費損,71-72,,,,TWD,CURRENCY,F,F,T
營業外收益及費損:營業外收益及費損:利息收入:,利息收入,711,,,,TWD,CURRENCY,F,F,T
營業外收益及費損:營業外收益及費損:利息收入:利息收入,利息收入,7111,,,,TWD,CURRENCY,F,F,F
營業外收益及費損:營業外收益及費損:租金收入:,租金收入,712,,,,TWD,CURRENCY,F,F,T
營業外收益及費損:營業外收益及費損:租金收入:租金收入,租金收入,7121,,,,TWD,CURRENCY,F,F,F
營業外收益及費損:營業外收益及費損:權利金收入:,權利金收入,713,,,,TWD,CURRENCY,F,F,T
營業外收益及費損:營業外收益及費損:權利金收入:權利金收入,權利金收入,7131,,,,TWD,CURRENCY,F,F,F
營業外收益及費損:營業外收益及費損:股利收入:,股利收入,714,,,,TWD,CURRENCY,F,F,T
營業外收益及費損:營業外收益及費損:股利收入:股利收入,股利收入,7141,,,,TWD,CURRENCY,F,F,F
營業外收益及費損:營業外收益及費損:利息費用:,利息費用,715,,,,TWD,CURRENCY,F,F,T
營業外收益及費損:營業外收益及費損:利息費用:利息費用,利息費用,7151,,,,TWD,CURRENCY,F,F,F
營業外收益及費損:營業外收益及費損:透過損益按公允價值衡量之金融資產(負債)淨損益:,透過損益按公允價值衡量之金融資產(負債)淨損益,716,,,,TWD,CURRENCY,F,F,T
營業外收益及費損:營業外收益及費損:透過損益按公允價值衡量之金融資產(負債)淨損益:透過損益按公允價值衡量之金融資產(負債)利益,透過損益按公允價值衡量之金融資產(負債)利益,7161,,,,TWD,CURRENCY,F,F,F
營業外收益及費損:營業外收益及費損:透過損益按公允價值衡量之金融資產(負債)淨損益:透過損益按公允價值衡量之金融資產(負債)損失,透過損益按公允價值衡量之金融資產(負債)損失,7162,,,,TWD,CURRENCY,F,F,F
營業外收益及費損:營業外收益及費損:採權益法認列之投資損益:,採權益法認列之投資損益,717,,,,TWD,CURRENCY,F,F,T
營業外收益及費損:營業外收益及費損:採權益法認列之投資損益:採權益法認列之投資利益,採權益法認列之投資利益,7171,,,,TWD,CURRENCY,F,F,F
營業外收益及費損:營業外收益及費損:採權益法認列之投資損益:採權益法認列之投資損失,採權益法認列之投資損失,7172,,,,TWD,CURRENCY,F,F,F
營業外收益及費損:營業外收益及費損:兌換損益:,兌換損益,718,,,,TWD,CURRENCY,F,F,T
營業外收益及費損:營業外收益及費損:兌換損益:兌換利益,兌換利益,7181,,,,TWD,CURRENCY,F,F,F
營業外收益及費損:營業外收益及費損:兌換損益:兌換損失,兌換損失,7182,,,,TWD,CURRENCY,F,F,F
營業外收益及費損:營業外收益及費損:處分投資損益:,處分投資損益,719,,,,TWD,CURRENCY,F,F,T
營業外收益及費損:營業外收益及費損:處分投資損益:處分投資性不動產利益,處分投資性不動產利益,7191,,,,TWD,CURRENCY,F,F,F
營業外收益及費損:營業外收益及費損:處分投資損益:處分投資性不動產損失,處分投資性不動產損失,7192,,,,TWD,CURRENCY,F,F,F
營業外收益及費損:營業外收益及費損:處分投資損益:處分投資利益,處分投資利益,7193,,,,TWD,CURRENCY,F,F,F
營業外收益及費損:營業外收益及費損:處分投資損益:處分投資損失,處分投資損失,7194,,,,TWD,CURRENCY,F,F,F
營業外收益及費損:營業外收益及費損:處分不動產、廠房及設備損益:,處分不動產、廠房及設備損益,720,,,,TWD,CURRENCY,F,F,T
營業外收益及費損:營業外收益及費損:處分不動產、廠房及設備損益:處分不動產、廠房及設備利益,處分不動產、廠房及設備利益,7201,,,,TWD,CURRENCY,F,F,F
營業外收益及費損:營業外收益及費損:處分不動產、廠房及設備損益:處分不動產、廠房及設備損失,處分不動產、廠房及設備損失,7202,,,,TWD,CURRENCY,F,F,F
營業外收益及費損:營業外收益及費損:減損損失:,減損損失,721,,,,TWD,CURRENCY,F,F,T
營業外收益及費損:營業外收益及費損:減損損失:金融資產減損損失,金融資產減損損失,7211,,,,TWD,CURRENCY,F,F,F
營業外收益及費損:營業外收益及費損:減損損失:投資性不動產減損損失,投資性不動產減損損失,7212,,,,TWD,CURRENCY,F,F,F
營業外收益及費損:營業外收益及費損:減損損失:不動產、廠房及設備減損損失,不動產、廠房及設備減損損失,7213,,,,TWD,CURRENCY,F,F,F
營業外收益及費損:營業外收益及費損:減損損失:無形資產減損損失,無形資產減損損失,7214,,,,TWD,CURRENCY,F,F,F
營業外收益及費損:營業外收益及費損:減損損失:生物資產減損損失,生物資產減損損失,7215,,,,TWD,CURRENCY,F,F,F
營業外收益及費損:營業外收益及費損:減損迴轉利益:,減損迴轉利益,722,,,,TWD,CURRENCY,F,F,T
營業外收益及費損:營業外收益及費損:減損迴轉利益:金融資產減損迴轉利益,金融資產減損迴轉利益,7221,,,,TWD,CURRENCY,F,F,F
營業外收益及費損:營業外收益及費損:減損迴轉利益:投資性不動產減損迴轉利益,投資性不動產減損迴轉利益,7222,,,,TWD,CURRENCY,F,F,F
營業外收益及費損:營業外收益及費損:減損迴轉利益:不動產、廠房及設備減損迴轉利益,不動產、廠房及設備減損迴轉利益,7223,,,,TWD,CURRENCY,F,F,F
營業外收益及費損:營業外收益及費損:減損迴轉利益:無形資產減損迴轉利益,無形資產減損迴轉利益,7224,,,,TWD,CURRENCY,F,F,F
營業外收益及費損:營業外收益及費損:減損迴轉利益:生物資產減損迴轉利益,生物資產減損迴轉利益,7225,,,,TWD,CURRENCY,F,F,F
營業外收益及費損:營業外收益及費損:其他營業外收益及費損:,其他營業外收益及費損,723-724,凡不屬於前述各類之營業外收益及費損皆屬之。,,,TWD,CURRENCY,F,F,T
營業外收益及費損:營業外收益及費損:其他營業外收益及費損:捐贈收入,捐贈收入,7231,,,,TWD,CURRENCY,F,F,F
營業外收益及費損:營業外收益及費損:其他營業外收益及費損:佣金收入,佣金收入,7232,,,,TWD,CURRENCY,F,F,F
營業外收益及費損:營業外收益及費損:其他營業外收益及費損:處分無形資產利益,處分無形資產利益,7233,,,,TWD,CURRENCY,F,F,F
營業外收益及費損:營業外收益及費損:其他營業外收益及費損:出售下腳及廢料收入,出售下腳及廢料收入,7234,,,,TWD,CURRENCY,F,F,F
營業外收益及費損:營業外收益及費損:其他營業外收益及費損:呆帳轉回利益,呆帳轉回利益,7235,,,,TWD,CURRENCY,F,F,F
營業外收益及費損:營業外收益及費損:其他營業外收益及費損:手續費收入,手續費收入,7236,,,,TWD,CURRENCY,F,F,F
營業外收益及費損:營業外收益及費損:其他營業外收益及費損:廉價購買利益,廉價購買利益,7237,,,,TWD,CURRENCY,F,F,F
營業外收益及費損:營業外收益及費損:其他營業外收益及費損:當期原始認列生物資產之利益,當期原始認列生物資產之利益,7238,,,,TWD,CURRENCY,F,F,F
營業外收益及費損:營業外收益及費損:其他營業外收益及費損:生物資產當期公允價值減出售成本之變動之利益,生物資產當期公允價值減出售成本之變動之利益,7239,,,,TWD,CURRENCY,F,F,F
營業外收益及費損:營業外收益及費損:其他營業外收益及費損:處分無形資產損失,處分無形資產損失,7240,,,,TWD,CURRENCY,F,F,F
營業外收益及費損:營業外收益及費損:其他營業外收益及費損:停工損失,停工損失,7241,,,,TWD,CURRENCY,F,F,F
營業外收益及費損:營業外收益及費損:其他營業外收益及費損:災害損失,災害損失,7242,,,,TWD,CURRENCY,F,F,F
營業外收益及費損:營業外收益及費損:其他營業外收益及費損:手續費支出,手續費支出,7243,,,,TWD,CURRENCY,F,F,F
營業外收益及費損:營業外收益及費損:其他營業外收益及費損:虧損性合約損失,虧損性合約損失,7244,,,,TWD,CURRENCY,F,F,F
營業外收益及費損:營業外收益及費損:其他營業外收益及費損:當期原始認列生物資產之損失,當期原始認列生物資產之損失,7245,,,,TWD,CURRENCY,F,F,F
營業外收益及費損:營業外收益及費損:其他營業外收益及費損:生物資產當期公允價值減出售成本之變動之損失,生物資產當期公允價值減出售成本之變動之損失,7246,,,,TWD,CURRENCY,F,F,F
綜合損益總額:::,綜合損益總額,8,,,,TWD,CURRENCY,F,F,T
綜合損益總額:繼續營業單位稅前淨利（或淨損）::,繼續營業單位稅前淨利（或淨損）,81,,,,TWD,CURRENCY,F,F,T
綜合損益總額:繼續營業單位稅前淨利（或淨損）:繼續營業單位稅前淨益（或淨損）:,繼續營業單位稅前淨益（或淨損）,811,,,,TWD,CURRENCY,F,F,T
綜合損益總額:所得稅費用(或利益)::,所得稅費用(或利益),82,指包含於決定本期損益中，與當期所得稅及遞延所得稅有關之彙總數。,,,TWD,CURRENCY,F,F,T
綜合損益總額:所得稅費用(或利益):所得稅費用(或利益):,所得稅費用(或利益),821,,,,TWD,CURRENCY,F,F,T
綜合損益總額:所得稅費用(或利益):所得稅費用(或利益):所得稅費用(或利益),所得稅費用(或利益),8211,,,,TWD,CURRENCY,F,F,F
綜合損益總額:繼續營業單位稅後淨利(或淨損）::,繼續營業單位稅後淨利(或淨損）,83,,,,TWD,CURRENCY,F,F,T
綜合損益總額:繼續營業單位稅後淨利(或淨損）:繼續營業單位稅後淨利(或淨損）:,繼續營業單位稅後淨利(或淨損）,831,,,,TWD,CURRENCY,F,F,T
綜合損益總額:停業單位損益(稅後)::,停業單位損益(稅後),84,指包括停業單位之稅後損益，及構成停業單位之資產或處分群組於按公允價值減出售成本衡量時或於處分時所認列之稅後利益或損失。,,,TWD,CURRENCY,F,F,T
綜合損益總額:停業單位損益(稅後):停業單位損益(稅後):,停業單位損益(稅後),841,,,,TWD,CURRENCY,F,F,T
綜合損益總額:停業單位損益(稅後):停業單位損益(稅後):停業單位資產或處分群組處分損益（稅後）,停業單位資產或處分群組處分損益（稅後）,8411,,,,TWD,CURRENCY,F,F,F
綜合損益總額:停業單位損益(稅後):停業單位損益(稅後):停業單位資產或處分群組按公允價值減出售成本衡量損益（稅後）,停業單位資產或處分群組按公允價值減出售成本衡量損益（稅後）,8412,,,,TWD,CURRENCY,F,F,F
綜合損益總額:本期稅後淨利(淨損)::,本期稅後淨利(淨損),86,指本期之稅後盈餘（或虧損）。,,,TWD,CURRENCY,F,F,T
綜合損益總額:本期其他綜合損益::,本期其他綜合損益,87,指本期變動之其他權益，例如透過其他綜合損益按公允價值衡量之權益工具投資未實現損益、透過其他綜合損益按公允價值衡量之債務工具投資未實現損益、避險工具之損益、國外營運機構財務報表換算之兌換差額、未實現重估增值及採用權益法認列之其他綜合損益等。,,,TWD,CURRENCY,F,F,T
綜合損益總額:本期其他綜合損益:透過其他綜合損益按公允價值衡量之金融資產未實現損益:,透過其他綜合損益按公允價值衡量之金融資產未實現損益,871,,,,TWD,CURRENCY,F,F,T
綜合損益總額:本期其他綜合損益:透過其他綜合損益按公允價值衡量之金融資產未實現損益:透過其他綜合損益按公允價值衡量之權益工具投資未實現損益,透過其他綜合損益按公允價值衡量之權益工具投資未實現損益,8711,,,,TWD,CURRENCY,F,F,F
綜合損益總額:本期其他綜合損益:透過其他綜合損益按公允價值衡量之金融資產未實現損益:透過其他綜合損益按公允價值衡量之債務工具投資未實現損益,透過其他綜合損益按公允價值衡量之債務工具投資未實現損益,8712,,,,TWD,CURRENCY,F,F,F
綜合損益總額:本期其他綜合損益:避險工具之損益:,避險工具之損益,872,,,,TWD,CURRENCY,F,F,T
綜合損益總額:本期其他綜合損益:避險工具之損益:避險工具之損益,避險工具之損益,8721,,,,TWD,CURRENCY,F,F,F
綜合損益總額:本期其他綜合損益:國外營運機構財務報表換算之兌換差額:,國外營運機構財務報表換算之兌換差額,873,,,,TWD,CURRENCY,F,F,T
綜合損益總額:本期其他綜合損益:國外營運機構財務報表換算之兌換差額:國外營運機構財務報表換算之兌換差額,國外營運機構財務報表換算之兌換差額,8731,,,,TWD,CURRENCY,F,F,F
綜合損益總額:本期其他綜合損益:未實現重估增值:,未實現重估增值,874,,,,TWD,CURRENCY,F,F,T
綜合損益總額:本期其他綜合損益:未實現重估增值:未實現重估增值,未實現重估增值,8741,,,,TWD,CURRENCY,F,F,F
綜合損益總額:本期其他綜合損益:採用權益法認列之其他綜合損益份額:,採用權益法認列之其他綜合損益份額,875,,,,TWD,CURRENCY,F,F,T
綜合損益總額:本期其他綜合損益:採用權益法認列之其他綜合損益份額:採用權益法認列之透過其他綜合損益按公允價值衡量之金融資產未實現損益,採用權益法認列之透過其他綜合損益按公允價值衡量之金融資產未實現損益,8751,,,,TWD,CURRENCY,F,F,F
綜合損益總額:本期其他綜合損益:採用權益法認列之其他綜合損益份額:採用權益法認列之避險工具之損益,採用權益法認列之避險工具之損益,8752,,,,TWD,CURRENCY,F,F,F
綜合損益總額:本期其他綜合損益:採用權益法認列之其他綜合損益份額:採用權益法認列之國外營運機構財務報表換算之兌換差額,採用權益法認列之國外營運機構財務報表換算之兌換差額,8753,,,,TWD,CURRENCY,F,F,F
綜合損益總額:本期其他綜合損益:採用權益法認列之其他綜合損益份額:採用權益法認列之未實現重估增值,採用權益法認列之未實現重估增值,8754,,,,TWD,CURRENCY,F,F,F
綜合損益總額:本期其他綜合損益:與本期其他綜合損益相關之所得稅:,與本期其他綜合損益相關之所得稅,876,,,,TWD,CURRENCY,F,F,T
綜合損益總額:本期其他綜合損益:與本期其他綜合損益相關之所得稅:與本期其他綜合損益相關之所得稅,與本期其他綜合損益相關之所得稅,8761,,,,TWD,CURRENCY,F,F,F
綜合損益總額:本期綜合損益總額::,本期綜合損益總額,88,指本期稅後淨利(或淨損)及本期其他綜合損益之合計數。,,,TWD,CURRENCY,F,F,T
